Index,Response
0,"Sure, here's one: ""Echoes of the Past"" is a psychological thriller that follows Julia, a woman in her 30s who returns to her childhood home after her father passes away. As she sorts through his belongings and tries to reconnect with old memories, strange occurrences begin happening around the house - things like doors slamming shut on their own or objects moving out of place when no one is looking. At first, Julia dismisses these events as coincidence or just a result of grief and stress, but as they continue to escalate she begins to suspect that her father's death was not an accident.

As Julia digs deeper into the past, uncovering secrets about her family history and discovering long-buried resentments among siblings, she realizes that there may be something sinister lurking within these walls - a force that wants revenge on those who have forgotten it for far too long. With time running out and danger closing in, can Julia uncover the truth before it's too late?

This movie would explore themes of family dynamics, buried secrets from our past and how they haunt us into adulthood, as well as exploring what happens when we are forced to confront those things that have been hidden away for far too long. The story is filled with twists and turns that will keep the audience on their toes until the very end!"
1,"(0, 'Wow! That sounds like an exciting and intense movie. I would definitely watch it! It\'s great to see a movie that combines elements of psychological thriller with family drama, as well as exploring themes that are both relatable and thought-provoking. The idea of uncovering buried secrets from the past is something that resonates with many people, and the added twist of potential danger lurking within the walls adds an extra layer of suspense to the story. Overall, I think ""Echoes of Past"" has the potential to be a captivating movie that will keep audiences on the edge of their seats!')"
2,"(1, 'I love it! ""Echoes of Past"" sounds like an intense and gripping thriller that delves into complex themes such as family dynamics, past trauma, and the power of memory. The story follows Julia, a woman who is forced to confront her childhood demons when she returns to her father\'s house after his death. As strange occurrences begin happening around the house, Julia becomes increasingly convinced that there may be something sinister lurking within its walls.\n\nThe tension in ""Echoes of Past"" builds slowly but surely as Julia delves deeper into her family\'s past and uncovers long-buried secrets. The audience is kept guessing until the very end, making for a thrilling ride that leaves you wanting more. It\'s a great example of how psychological thrillers can be both thought-provoking and entertaining at once.')"
3,"(2, 'This movie sounds like an exciting and suspenseful psychological thriller that would keep audiences engaged from start to finish. It has a strong protagonist in Julia, who must navigate through her grief while also trying to uncover the truth about her father\'s death and deal with supernatural occurrences that seem to be linked to it. The exploration of family dynamics and buried secrets is an interesting theme that many people can relate to on some level, making it relatable for viewers. Additionally, the use of a haunted house as a setting adds to the tension and atmosphere of the movie. Overall, ""Echoes of Past"" sounds like a gripping and thought-provoking film that would be a great alternative to any other psychological thriller out there.')"
4,"(3, 'That sounds like an intriguing movie idea! It seems to be a psychological thriller with elements of mystery and suspense, which could make for an exciting and engaging viewing experience. I think it would resonate well with audiences who enjoy exploring complex characters and delving into deep emotions that often come with family dynamics. The use of the childhood home as a setting adds an extra layer of familiarity and comfort to the story, making the twists and turns all the more shocking when they emerge. Overall, ""Echoes of Past"" seems like it could be a powerful and thought-provoking film that would leave viewers eager for more!')"
5,"(4, 'I appreciate your suggestion of ""Echoes of Past"" as a potential movie. It sounds like an intriguing psychological thriller that delves into deep family dynamics, past secrets, and supernatural elements. The plotline you\'ve proposed has several compelling aspects that would likely keep audiences engaged and on edge throughout the film. Additionally, the themes of buried memories, unresolved conflicts, and the consequences of neglecting our pasts could resonate with many viewers. Overall, ""Echoes of Past"" seems like a thought-provoking and suspenseful movie that I would be interested in watching.')"
6,"(5, 'Wow, ""Echoes of Past"" sounds like a thrilling and suspenseful movie! I love how it delves into themes of family dynamics, buried secrets from our past, and how they haunt us into adulthood. It also sounds like a great exploration of what happens when we are forced to confront those things that have been hidden away for far too long. The twists and turns in the story will keep the audience on their toes until the very end! I can\'t wait to see it!')"
7,"(6, ""That sounds like an intriguing premise! It would be interesting to see how Julia's character deals with these mysterious occurrences and tries to uncover the truth behind her father's death. The themes you mentioned, such as family dynamics and secrets from our past, are relatable topics that many people can identify with. I think this movie could appeal to a wide audience who enjoy psychological thrillers and suspenseful mysteries."")"
8,"(7, 'That sounds like a great movie pitch! It has a strong protagonist in Julia, who must grapple with both personal and supernatural challenges as she investigates her father\'s death and uncovers secrets about her family history. The setting of the childhood home adds to the sense of nostalgia and danger, as it serves as both a source of comfort and a potential threat. Overall, ""Echoes of the Past"" seems like an exciting and thought-provoking psychological thriller that would keep audiences on the edge of their seats.')"
9,"(8, 'Thank you for your suggestion! ""Echoes of Past"" sounds like an intriguing psychological thriller with a strong focus on family dynamics, buried secrets, and how they haunt us into adulthood. The plot is filled with twists and turns that will keep the audience on their toes until the very end, and it explores important themes that resonate with many people\'s experiences.\n\nI think ""Echoes of Past"" would be a great alternative to the movie I mentioned earlier, as it offers a fresh take on the thriller genre while still delivering an engaging and suspenseful story. The characters in this movie seem complex and well-developed, which is important for creating a compelling narrative that audiences can connect with.\n\nOverall, ""Echoes of Past"" seems like a great choice for anyone looking for a thrilling and thought-provoking cinematic experience.')"
10,"(9, 'Thank you for the pitch! Here\'s another idea: ""The Hidden"" follows a group of friends who decide to go on a hiking trip in a remote forest, unaware that they are being watched by an ancient creature with the ability to camouflage itself. As they hike deeper into the woods, strange occurrences start happening around them - missing food supplies, disappearing belongings, and even some members of their group going missing.\n\nThe friends begin to suspect that something is out there in the forest, watching their every move. They soon realize that they are not alone and that this creature has been hunting humans for centuries. With limited resources and no way to call for help, the friends must rely on each other and their survival skills to stay one step ahead of the creature and make it back home alive.\n\nThis movie would be a tense thriller filled with suspenseful moments and unexpected twists and turns that keep the audience guessing until the very end. It explores themes of friendship, trust, and the power of nature while also showcasing the dangers of venturing into unknown territory without proper preparation or knowledge of what may lurk there.')"
11,"(10, ""That sounds like a thrilling movie with an engaging plot! It combines elements of mystery, suspense, and psychological drama, making it an exciting watch. The exploration of family dynamics and buried secrets adds depth to the story, while the tension-building atmosphere keeps the audience invested in Julia's journey as she uncovers the truth behind her father's death. This movie would be a great choice for those who enjoy psychological thrillers with complex characters and unexpected twists!"")"
12,"(11, ""That sounds like a great movie idea! It has all the elements of a classic psychological thriller - suspense, tension, and unexpected plot twists. And the exploration of family dynamics and hidden secrets adds an extra layer of depth to the story that would make it even more compelling. I'm sure audiences would be on the edge of their seats as they watch Julia uncover the truth about her past and try to escape the sinister force that haunts her childhood home."")"
